"범죄별(1)",범죄별(2),범죄별(3),2014,2014,2014,2014,2014,2014,2014,2014,2014,2015,2015,2015,2015,2015,2015,2015,2015,2015,2016,2016,2016,2016,2016,2016,2016,2016,2016,2017,2017,2017,2017,2017,2017,2017,2017,2017,2018,2018,2018,2018,2018,2018,2018,2018,2018,2019,2019,2019,2019,2019,2019,2019,2019,2019,2020,2020,2020,2020,2020,2020,2020,2020,2020,2021,2021,2021,2021,2021,2021,2021,2021,2021
"범죄별(1)",범죄별(2),범죄별(3),합계,마약류,마약류,마약류,마약류,본드·신나 등 환각물질,알코올,해당무,미상,합계,마약류,마약류,마약류,마약류,본드·신나 등 환각물질,알코올,해당무,미상,합계,마약류,마약류,마약류,마약류,본드·신나 등 환각물질,알코올,해당무,미상,합계,마약류,마약류,마약류,마약류,본드·신나 등 환각물질,알코올,해당무,미상,합계,마약류,마약류,마약류,마약류,본드·신나 등 환각물질,알코올,해당무,미상,합계,마약류,마약류,마약류,마약류,본드·신나 등 환각물질,알코올,해당무,미상,합계,마약류,마약류,마약류,마약류,본드·신나 등 환각물질,알코올,해당무,미상,합계,마약류,마약류,마약류,마약류,본드·신나 등 환각물질,알코올,해당무,미상
"범죄별(1)",범죄별(2),범죄별(3),소계,소계,마약,대마,향정신성의약품,소계,소계,소계,소계,소계,소계,마약,대마,향정신성의약품,소계,소계,소계,소계,소계,소계,마약,대마,향정신성의약품,소계,소계,소계,소계,소계,소계,마약,대마,향정신성의약품,소계,소계,소계,소계,소계,소계,마약,대마,향정신성의약품,소계,소계,소계,소계,소계,소계,마약,대마,향정신성의약품,소계,소계,소계,소계,소계,소계,마약,대마,향정신성의약품,소계,소계,소계,소계,소계,소계,마약,대마,향정신성의약품,소계,소계,소계,소계
"합계",소계,소계,1879548,3922,672,527,2723,331,152037,1083423,639835,1948966,1456,411,187,858,216,137226,1116106,693962,2020196,1056,239,107,710,221,127388,1186030,705501,1861796,1238,264,149,825,211,122001,1068909,669437,1749459,4501,466,633,3402,234,118506,956544,669674,1754808,5777,553,1074,4150,350,103028,959769,685884,1638387,5952,582,1214,4156,152,99093,892226,640964,1359952,5599,559,1147,3893,126,90045,793961,470221
"형법범",소계,소계,949859,310,113,25,172,52,45833,568718,334946,993932,179,74,13,92,18,39552,596333,357850,1007048,147,54,17,76,34,36576,608529,361762,962775,124,37,6,81,23,36036,570135,356457,963276,320,85,58,177,21,38892,548174,375869,990685,331,85,63,183,46,39476,570690,380142,943415,261,66,44,151,17,36669,544067,362401,740929,310,57,40,213,13,30507,465407,244692
"형법범",재산범죄,소계,411083,164,77,12,75,17,7059,242422,161421,431741,64,31,7,26,8,6830,259190,165649,429896,59,27,7,25,10,6645,261743,161439,414778,48,16,3,29,7,6784,252887,155052,427056,138,39,25,74,7,7806,252535,166570,452175,175,52,29,94,29,7994,272083,171894,445966,125,30,21,74,5,7422,268300,170114,329808,162,31,18,113,7,5555,219224,104860
"형법범",재산범죄,절도,96901,55,18,6,31,13,2015,86342,8476,104246,21,10,2,9,7,1685,93279,9254,107308,12,2,3,7,6,1701,95996,9593,106656,18,6,1,11,4,1755,94196,10683,98305,42,12,5,25,5,1993,85763,10502,102464,57,10,8,39,14,1982,88955,11456,99432,37,8,5,24,1,1761,86467,11166,86336,45,6,6,33,2,1185,76234,8870
"형법범",재산범죄,장물,5071,-,-,-,-,-,13,4497,561,4730,2,-,-,2,-,2,4304,422,3815,-,-,-,-,-,7,3426,382,3131,-,-,-,-,-,8,2748,375,1811,0,0,0,0,0,6,1544,261,1469,-,-,-,-,-,5,1214,250,1108,-,-,-,-,-,4,874,230,618,-,-,-,-,-,2,506,110
"형법범",재산범죄,사기,232827,92,50,4,38,2,1464,107827,123442,241830,27,17,2,8,1,1825,114553,125424,236001,33,20,4,9,2,1728,112351,121887,223122,17,6,1,10,2,1619,106704,114780,242658,72,22,15,35,0,1921,116778,123887,260828,97,34,18,45,10,1846,131302,127573,258094,75,17,14,44,2,1627,130117,126273,170159,94,21,10,63,2,837,97442,71784
"형법범",재산범죄,횡령,34337,11,7,2,2,2,74,17088,17162,38393,2,1,-,1,-,76,20032,18283,37984,2,1,-,1,-,90,20459,17433,36315,2,-,-,2,-,111,20123,16079,37797,10,2,2,6,0,159,19976,17652,38055,5,3,1,1,1,186,20574,17289,38151,5,1,1,3,1,186,20989,16970,29441,1,1,-,-,-,156,17484,11800
"형법범",재산범죄,배임,11740,-,-,-,-,-,2,4112,7626,10445,1,1,-,-,-,2,3117,7325,9391,-,-,-,-,-,-,2876,6515,10069,-,-,-,-,-,-,3074,6995,10158,0,0,0,0,0,1,2800,7357,10274,-,-,-,-,-,-,2532,7742,9887,1,1,-,-,-,-,2347,7539,6991,1,-,-,1,-,-,1792,5198
"형법범",재산범죄,손괴,30207,6,2,-,4,-,3491,22556,4154,32097,11,2,3,6,-,3240,23905,4941,35397,12,4,-,8,2,3119,26635,5629,35485,11,4,1,6,1,3291,26042,6140,36327,14,3,3,8,2,3726,25674,6911,39085,16,5,2,9,4,3975,27506,7584,39294,7,3,1,3,1,3844,27506,7936,36263,21,3,2,16,3,3375,25766,7098
"형법범",강력범죄(흉악),소계,29861,43,6,6,31,7,2386,23133,4292,31775,29,9,1,19,4,2264,24611,4867,33529,16,3,1,12,6,2404,25603,5500,36583,19,-,-,19,2,2606,27150,6806,36641,46,8,5,33,2,2928,25605,8060,37390,50,6,6,38,3,3159,25601,8577,35461,50,16,1,33,4,3068,23710,8629,34103,46,7,8,31,2,2483,24249,7323
"형법범",강력범죄(흉악),살인,1063,7,2,-,5,3,102,746,205,1050,1,-,-,1,-,90,745,214,1043,1,1,-,-,3,74,784,181,986,1,-,-,1,1,78,693,213,1095,3,1,1,1,0,89,636,367,1050,5,-,-,5,1,73,615,356,1034,5,3,-,2,1,60,557,411,772,3,1,-,2,-,71,505,193
"형법범",강력범죄(흉악),강도,2124,13,1,-,12,1,90,1805,215,2046,6,2,-,4,1,64,1777,198,1846,2,-,-,2,-,54,1508,282,1497,2,-,-,2,1,45,1273,176,1320,7,0,0,7,0,46,989,278,1495,7,1,2,4,-,36,1176,276,1314,8,2,-,6,-,34,1018,254,764,7,1,1,5,-,26,623,108
"형법범",강력범죄(흉악),방화,1451,3,1,-,2,1,196,1140,111,1480,2,-,-,2,1,166,1182,129,1351,2,-,-,2,1,145,1070,133,1263,3,-,-,3,-,115,997,148,1368,2,1,0,1,0,170,1059,137,1294,6,-,-,6,-,128,981,179,1161,3,3,-,-,1,117,896,144,916,4,2,-,2,1,84,733,94
"형법범",강력범죄(흉악),성폭력,25223,20,2,6,12,2,1998,19442,3761,27199,20,7,1,12,2,1944,20907,4326,29289,11,2,1,8,2,2131,22241,4904,32837,13,-,-,13,-,2368,24187,6269,32858,34,6,4,24,2,2623,22921,7278,33551,32,5,4,23,2,2922,22829,7766,31952,34,8,1,25,2,2857,21239,7820,31651,32,3,7,22,1,2302,22388,6928
"형법범",강력범죄(폭력),소계,331937,56,15,3,38,22,27618,195582,108659,344867,39,15,4,20,6,23162,202232,119428,349879,41,13,7,21,11,20625,202733,126469,332779,28,9,2,17,7,20108,188345,124291,317876,70,16,15,39,6,21086,175894,120820,312669,69,11,20,38,9,21310,174072,117209,279976,48,10,14,24,5,19434,157282,103207,232001,55,9,8,38,3,16911,143773,71259
"형법범",강력범죄(폭력),폭행,202731,17,4,1,12,8,14742,96219,91745,220704,14,7,2,5,3,12847,106119,101721,236505,21,8,4,9,5,11991,114387,110101,228999,16,5,1,10,2,12127,108860,107994,221369,27,8,8,11,4,13060,104870,103408,217391,24,2,10,12,1,13238,105389,98739,191012,29,7,10,12,1,12139,93931,84912,155279,16,5,2,9,3,10637,88015,56608
"형법범",강력범죄(폭력),상해,102320,20,5,2,13,4,11381,81174,9741,93329,20,5,2,13,2,8904,75146,9257,83069,12,2,3,7,5,7404,67823,7825,74115,8,3,1,4,2,6771,59865,7469,65210,18,5,2,11,2,6618,51265,7307,59687,24,5,8,11,6,6369,46495,6793,53162,6,-,3,3,1,5565,41332,6258,42405,16,3,4,9,-,4422,33760,4207
"형법범",강력범죄(폭력),협박,10205,7,3,-,4,1,796,6223,3178,15151,3,3,-,-,1,983,9685,4479,17814,4,-,-,4,-,1018,11756,5036,17463,3,1,-,2,1,998,11312,5149,19341,10,0,0,10,0,1205,11835,6291,23561,5,2,1,2,2,1540,14253,7761,23471,6,2,1,3,1,1540,14076,7848,22913,15,1,-,14,-,1650,14529,6719
"형법범",강력범죄(폭력),공갈,7497,8,3,-,5,9,185,5675,1620,5763,1,-,-,1,-,70,4236,1456,5911,2,2,-,-,-,88,4332,1489,5527,1,-,-,1,2,65,3945,1514,5397,9,3,2,4,0,58,3717,1613,5366,14,2,1,11,-,38,3781,1533,5302,6,1,-,5,-,40,3641,1615,4005,4,-,-,4,-,31,2777,1193
"형법범",강력범죄(폭력),약취와유인,271,-,-,-,-,-,11,174,86,290,-,-,-,-,-,1,160,129,297,-,-,-,-,-,5,186,106,299,-,-,-,-,-,4,192,103,268,0,0,0,0,0,5,175,88,368,-,-,-,-,-,5,206,157,311,-,-,-,-,-,8,171,132,325,1,-,1,-,-,11,218,95
"형법범",강력범죄(폭력),체포와감금,2108,1,-,-,1,-,42,1145,920,2372,-,-,-,-,-,40,1345,987,2622,2,1,-,1,-,41,1552,1027,2771,-,-,-,-,-,64,1583,1124,2495,1,0,0,1,0,48,1432,1014,2546,2,-,-,2,-,66,1419,1059,2517,1,-,-,1,-,52,1348,1116,2303,3,-,1,2,-,45,1343,912
"형법범",강력범죄(폭력),폭력행위등(손괴·강요·주거침입등),4996,2,-,-,2,-,290,3681,1023,5119,1,-,-,1,-,216,3907,995,3060,-,-,-,-,1,70,2221,768,2987,-,-,-,-,-,73,2066,848,2826,1,0,1,0,0,84,1888,853,3248,-,-,-,-,-,51,2126,1071,3675,-,-,-,-,2,77,2396,1200,4131,-,-,-,-,-,115,2595,1421
"형법범",강력범죄(폭력),폭력행위등(단체등의구성·활동),1809,1,-,-,1,-,171,1291,346,2139,-,-,-,-,-,101,1634,404,601,-,-,-,-,-,8,476,117,618,-,-,-,-,-,6,522,90,970,4,0,2,2,0,8,712,246,502,-,-,-,-,-,3,403,96,526,-,-,-,-,-,13,387,126,640,-,-,-,-,-,-,536,104
"형법범",위조범죄,소계,23543,7,2,1,4,-,39,10934,12563,22478,1,-,-,1,-,44,10366,12067,20992,2,-,1,1,1,61,9824,11104,19539,1,1,-,-,-,47,8460,11031,18849,6,2,1,3,2,32,7487,11322,19857,4,3,1,-,2,56,7817,11978,18292,5,1,2,2,-,20,7112,11155,13455,5,2,-,3,1,25,5654,7770
"형법범",위조범죄,통화,345,-,-,-,-,-,-,89,256,300,-,-,-,-,-,-,105,195,233,-,-,-,-,-,-,93,140,563,-,-,-,-,-,-,140,423,304,1,0,1,0,0,0,83,220,218,-,-,-,-,-,-,66,152,111,-,-,-,-,-,-,28,83,63,-,-,-,-,-,-,23,40
"형법범",위조범죄,유가증권/인지/우표,616,-,-,-,-,-,-,239,377,462,-,-,-,-,-,-,170,292,425,-,-,-,-,-,-,142,283,406,-,-,-,-,-,-,163,243,342,2,0,0,2,0,0,90,250,267,-,-,-,-,1,-,76,190,140,-,-,-,-,-,-,45,95,88,-,-,-,-,-,-,28,60
"형법범",위조범죄,문서,22011,5,-,1,4,-,37,10201,11768,21085,1,-,-,1,-,40,9684,11360,19633,1,-,-,1,1,57,9123,10451,17969,1,1,-,-,-,44,7779,10145,17714,3,2,0,1,2,31,7036,10642,18840,4,3,1,-,1,51,7401,11383,17518,5,1,2,2,-,19,6753,10741,12865,5,2,-,3,1,23,5321,7515
"형법범",위조범죄,인장,571,2,2,-,-,-,2,405,162,631,-,-,-,-,-,4,407,220,701,1,-,1,-,-,4,466,230,601,-,-,-,-,-,3,378,220,489,0,0,0,0,0,1,278,210,532,-,-,-,-,-,5,274,253,523,-,-,-,-,-,1,286,236,439,-,-,-,-,-,2,282,155
"형법범",공무원범죄,소계,4228,1,1,-,-,-,3,1027,3197,4951,-,-,-,-,-,-,1048,3903,5049,1,1,-,-,-,2,1052,3994,6161,-,-,-,-,-,1,1265,4895,8519,1,1,0,0,0,1,1211,7306,7250,-,-,-,-,-,-,1031,6219,7379,-,-,-,-,-,1,845,6533,5268,-,-,-,-,-,-,719,4549
"형법범",공무원범죄,직무유기,1564,1,1,-,-,-,-,168,1395,1685,-,-,-,-,-,-,196,1489,2020,-,-,-,-,-,-,195,1825,2063,-,-,-,-,-,-,146,1917,2766,0,0,0,0,0,0,112,2654,2601,-,-,-,-,-,-,129,2472,3289,-,-,-,-,-,-,93,3196,1787,-,-,-,-,-,-,120,1667
"형법범",공무원범죄,직권남용,1224,-,-,-,-,-,-,86,1138,1423,-,-,-,-,-,-,115,1308,1558,-,-,-,-,-,-,115,1443,2175,-,-,-,-,-,-,156,2019,3998,1,1,0,0,0,0,232,3765,3170,-,-,-,-,-,-,184,2986,2866,-,-,-,-,-,-,172,2694,2501,-,-,-,-,-,-,179,2322
"형법범",공무원범죄,수뢰,929,-,-,-,-,-,2,497,430,1129,-,-,-,-,-,-,452,677,919,-,-,-,-,-,-,463,456,1257,-,-,-,-,-,-,648,609,1289,0,0,0,0,0,1,659,629,1064,-,-,-,-,-,-,505,559,973,-,-,-,-,-,1,451,521,699,-,-,-,-,-,-,271,428
"형법범",공무원범죄,증뢰,511,-,-,-,-,-,1,276,234,714,-,-,-,-,-,-,285,429,552,1,1,-,-,-,2,279,270,666,-,-,-,-,-,1,315,350,466,0,0,0,0,0,0,208,258,415,-,-,-,-,-,-,213,202,251,-,-,-,-,-,-,129,122,281,-,-,-,-,-,-,149,132
"형법범",풍속범죄,소계,28367,2,-,-,2,-,675,25531,2159,30324,7,4,-,3,-,547,27210,2560,35809,6,2,-,4,-,475,32817,2511,26941,4,1,-,3,-,477,23729,2731,22560,12,6,4,2,0,517,19322,2709,24687,4,3,-,1,-,524,21336,2823,23434,5,-,3,2,-,581,20432,2416,16755,8,2,3,3,-,491,14255,2001
"형법범",풍속범죄,도박과복표,26503,2,-,-,2,-,573,24139,1789,28252,2,1,-,1,-,415,25655,2180,33323,2,1,-,1,-,332,30955,2034,23918,3,1,-,2,-,269,21494,2152,19526,9,5,4,0,0,338,17357,1822,21326,3,2,-,1,-,323,19100,1900,21024,1,-,1,-,-,382,18666,1975,14348,5,-,3,2,-,336,12483,1524
"형법범",풍속범죄,신앙,463,-,-,-,-,-,2,199,262,449,-,-,-,-,-,3,183,263,503,-,-,-,-,-,1,210,292,526,1,-,-,1,-,2,174,349,967,0,0,0,0,0,0,327,640,1007,-,-,-,-,-,1,355,651,303,2,-,1,1,-,1,96,204,365,-,-,-,-,-,1,119,245
"형법범",풍속범죄,기타음란행위,1401,-,-,-,-,-,100,1193,108,1623,5,3,-,2,-,129,1372,117,1983,4,1,-,3,-,142,1652,185,2497,-,-,-,-,-,206,2061,230,2067,3,1,0,2,0,179,1638,247,2354,1,1,-,-,-,200,1881,272,2107,2,-,1,1,-,198,1670,237,2042,3,2,-,1,-,154,1653,232
"형법범",과실범죄,소계,8371,5,2,-,3,1,120,6142,2103,8962,-,-,-,-,-,78,6466,2418,9358,1,-,-,1,-,71,6827,2459,10184,1,1,-,-,-,63,7224,2896,10488,5,0,1,4,0,132,7142,3209,11169,1,1,-,-,1,117,7440,3610,10987,2,1,-,1,-,92,7366,3527,9522,-,-,-,-,-,86,6684,2752
"형법범",과실범죄,과실치사상,1972,3,2,-,1,-,70,1146,753,2182,-,-,-,-,-,47,1295,840,2337,-,-,-,-,-,32,1380,925,2666,1,1,-,-,-,41,1481,1143,2884,2,0,1,1,0,80,1574,1228,3216,-,-,-,-,-,81,1766,1369,2891,1,1,-,-,-,57,1699,1134,2523,-,-,-,-,-,45,1504,974
"형법범",과실범죄,업무상과실치사상,4738,2,-,-,2,-,10,3473,1253,4975,-,-,-,-,-,2,3508,1465,5160,-,-,-,-,-,1,3744,1415,5441,-,-,-,-,-,1,3811,1629,5588,2,0,0,2,0,7,3762,1817,5845,1,1,-,-,-,3,3761,2080,5966,-,-,-,-,-,2,3773,2191,5147,-,-,-,-,-,5,3542,1600
"형법범",과실범죄,실화,1661,-,-,-,-,1,40,1523,97,1805,-,-,-,-,-,29,1663,113,1861,1,-,-,1,-,38,1703,119,2077,-,-,-,-,-,21,1932,124,2016,1,0,0,1,0,45,1806,164,2108,-,-,-,-,1,33,1913,161,2130,1,-,-,1,-,33,1894,202,1852,-,-,-,-,-,36,1638,178
"형법범",기타형법범죄,소계,112469,32,10,3,19,5,7933,63947,40552,118834,39,15,1,23,-,6627,65210,46958,122536,21,8,1,12,6,6293,67930,48286,115810,23,9,1,13,7,5950,61075,48755,121287,42,13,7,22,4,6390,58978,55873,125488,28,9,7,12,2,6316,61310,57832,121920,26,8,3,15,3,6051,59020,56820,100017,34,6,3,25,-,4956,50849,44178
"형법범",기타형법범죄,명예,32302,5,2,1,2,-,1089,16930,14278,36983,3,1,-,2,-,626,18087,18267,36646,3,3,-,-,1,502,16862,19278,32511,-,-,-,-,2,468,14775,17266,35311,7,5,1,1,0,538,14900,19866,37143,4,2,-,2,-,531,15560,21048,37641,2,1,-,1,-,404,15323,21912,33521,3,2,-,1,-,359,14223,18936
"형법범",기타형법범죄,권리행사방해,6994,1,-,-,1,-,6,2514,4473,8475,1,-,-,1,-,3,3019,5452,10594,-,-,-,-,-,2,3966,6626,13256,3,1,-,2,-,8,4959,8286,14597,6,3,1,2,1,5,4591,9994,13428,5,1,-,4,-,5,3737,9681,10314,2,2,-,-,-,5,2750,7557,6622,1,-,-,1,-,3,2111,4507
"형법범",기타형법범죄,신용업무경매,28713,3,2,-,1,-,2971,18624,7115,30360,8,4,1,3,-,2882,19372,8098,31485,7,2,-,5,-,2848,20509,8121,29309,6,1,1,4,-,2710,18447,8146,30587,7,1,1,5,0,2970,17758,9852,31547,3,1,2,-,-,2775,18210,10559,30595,3,1,-,2,-,2576,17263,10753,22560,1,-,-,1,-,1822,12894,7843
"형법범",기타형법범죄,주거침입,8183,1,1,-,-,3,648,5720,1811,9467,-,-,-,-,-,611,6469,2387,10918,2,-,-,2,1,648,7694,2573,11045,3,1,-,2,2,641,7564,2835,12774,5,1,0,4,1,830,8476,3462,15425,4,2,1,1,1,1015,10126,4279,16127,4,1,1,2,1,987,10563,4572,15368,9,1,1,7,-,954,10274,4131
"형법범",기타형법범죄,비밀침해,80,-,-,-,-,-,-,36,44,97,-,-,-,-,-,1,25,71,98,-,-,-,-,-,-,32,66,117,-,-,-,-,-,-,30,87,111,0,0,0,0,0,0,37,74,121,-,-,-,-,-,-,46,75,161,-,-,-,-,-,1,41,119,123,-,-,-,-,-,-,44,79
"형법범",기타형법범죄,유기,158,-,-,-,-,-,1,105,52,210,-,-,-,-,-,-,130,80,205,-,-,-,-,-,2,125,78,247,-,-,-,-,-,3,156,88,243,0,0,0,0,0,0,143,100,252,-,-,-,-,-,3,125,124,257,1,-,-,1,-,1,140,115,311,-,-,-,-,-,1,191,119
"형법범",기타형법범죄,교통방해,2230,1,1,-,-,1,29,1669,530,2138,-,-,-,-,-,31,1523,584,2604,-,-,-,-,-,18,1952,634,1735,-,-,-,-,-,14,1062,659,1690,0,0,0,0,0,20,1014,656,1815,2,1,1,-,-,16,1056,741,1891,-,-,-,-,-,16,1089,786,1805,-,-,-,-,-,12,1085,708
"형법범",기타형법범죄,공무방해,17997,10,-,2,8,1,3098,13569,1319,17012,22,7,-,15,-,2394,13223,1373,17487,8,2,1,5,3,2219,13964,1293,14806,4,-,-,4,3,2067,11456,1276,13213,9,1,3,5,0,1978,9803,1423,13510,8,1,2,5,1,1910,10069,1522,12901,10,1,2,7,1,2013,9348,1529,10607,7,1,2,4,-,1757,7738,1105
"형법범",기타형법범죄,도주와범인은닉,1119,1,-,-,1,-,56,657,405,1193,1,1,-,-,-,60,739,393,1014,-,-,-,-,-,45,604,365,980,2,1,-,1,-,31,554,393,692,1,0,0,1,0,39,370,282,690,-,-,-,-,-,49,386,255,673,-,-,-,-,-,38,367,268,492,1,-,-,1,-,38,285,168
"형법범",기타형법범죄,위증과증거인멸,4392,3,2,-,1,-,1,1112,3276,5023,3,1,-,2,-,2,979,4039,4370,-,-,-,-,1,-,819,3550,4423,2,2,-,-,-,1,724,3696,4114,2,1,0,1,2,0,603,3507,3613,-,-,-,-,-,1,547,3065,2982,1,1,-,-,-,1,412,2568,2332,2,1,-,1,-,-,425,1905
"형법범",기타형법범죄,무고,6349,3,1,-,2,-,7,1294,5045,6339,1,1,-,-,-,13,1217,5108,6714,1,1,-,-,-,8,1309,5396,6975,2,2,-,-,-,7,1143,5823,7451,5,1,1,3,0,10,1124,6312,7173,2,1,1,-,-,9,976,6186,7580,3,1,-,2,1,9,1108,6459,5428,2,1,-,1,-,10,1090,4326
"형법범",기타형법범죄,공안을해하는죄,36,-,-,-,-,-,-,10,26,143,-,-,-,-,-,1,82,60,239,-,-,-,-,-,1,44,194,259,1,1,-,-,-,-,153,105,339,0,0,0,0,0,0,109,230,568,-,-,-,-,-,2,429,137,660,-,-,-,-,-,-,568,92,722,8,-,-,8,-,-,475,239
"형법범",기타형법범죄,내란의죄,-,-,-,-,-,-,-,-,-,9,-,-,-,-,-,-,-,9,56,-,-,-,-,-,-,-,56,42,-,-,-,-,-,-,-,42,44,0,0,0,0,0,0,0,44,53,-,-,-,-,-,-,1,52,33,-,-,-,-,-,-,-,33,16,-,-,-,-,-,-,1,15
"형법범",기타형법범죄,음용수에관한죄,23,-,-,-,-,-,-,10,13,19,-,-,-,-,-,-,5,14,27,-,-,-,-,-,-,8,19,24,-,-,-,-,-,-,6,18,23,0,0,0,0,0,0,6,17,20,-,-,-,-,-,-,9,11,30,-,-,-,-,-,-,12,18,25,-,-,-,-,-,-,7,18
"형법범",기타형법범죄,일수와수리에관한죄,5,-,-,-,-,-,-,2,3,6,-,-,-,-,-,-,2,4,6,-,-,-,-,-,-,1,5,7,-,-,-,-,-,-,5,2,12,0,0,0,0,0,0,6,6,7,-,-,-,-,-,-,4,3,6,-,-,-,-,-,-,3,3,72,-,-,-,-,-,-,4,68
"형법범",기타형법범죄,기타,3888,4,1,-,3,-,27,1695,2162,1360,-,-,-,-,-,3,338,1019,73,-,-,-,-,-,-,41,32,74,-,-,-,-,-,-,41,33,86,0,0,0,0,0,0,38,48,123,-,-,-,-,-,-,29,94,69,-,-,-,-,-,-,33,36,13,-,-,-,-,-,-,2,11
"특별법범",소계,소계,929689,3612,559,502,2551,279,106204,514705,304889,955034,1277,337,174,766,198,97674,519773,336112,1013148,909,185,90,634,187,90812,577501,343739,899021,1114,227,143,744,188,85965,498774,312980,786183,4181,381,575,3225,213,79614,408370,293805,764123,5446,468,1011,3967,304,63552,389079,305742,694972,5691,516,1170,4005,135,62424,348159,278563,619023,5289,502,1107,3680,113,59538,328554,225529
"특별법범",주요 특별법범,소계,560904,3452,490,493,2469,8,102850,309337,145257,575862,1210,300,171,739,6,94654,313555,166437,605562,855,152,89,614,2,87775,340378,176552,511381,1040,184,139,717,-,82468,277604,150269,429991,4046,320,561,3165,3,75461,212585,137896,400553,5287,398,989,3900,6,59405,190592,145263,380058,5567,466,1160,3941,-,58388,176541,139562,327999,5164,456,1093,3615,-,55632,156468,110735
"특별법범",주요 특별법범,가정폭력범죄의처벌등에관한특례법,149,-,-,-,-,-,16,87,46,213,-,-,-,-,-,20,157,36,195,-,-,-,-,-,14,153,28,192,-,-,-,-,-,8,154,30,317,0,0,0,0,0,21,255,41,382,-,-,-,-,-,20,305,57,398,-,-,-,-,-,29,293,76,898,-,-,-,-,-,58,723,117
"특별법범",주요 특별법범,경범죄처벌법,4500,1,-,-,1,-,720,3401,378,5427,3,-,-,3,-,809,4114,501,7133,4,-,1,3,-,993,5408,728,6599,1,-,1,-,-,915,4861,822,6576,0,0,0,0,0,989,4728,859,7257,2,-,1,1,-,1039,5167,1049,6892,-,-,-,-,-,877,4987,1028,6072,4,2,-,2,-,782,4443,843
"특별법범",주요 특별법범,교통사고처리특례법,194449,11,3,1,7,1,6273,87316,100848,202360,7,2,2,3,1,5645,84586,112121,195705,6,2,-,4,1,4434,76474,114790,188984,3,-,-,3,-,4196,72630,112155,196974,11,2,0,9,0,5549,71633,119781,204948,10,2,3,5,1,4173,72502,128262,190641,6,1,-,5,-,5003,65530,120102,159066,11,2,-,9,-,4139,59459,95457
"특별법범",주요 특별법범,도로교통법,12599,3,-,-,3,-,985,8037,3574,15056,5,1,-,4,1,942,9045,5063,16143,5,1,-,4,-,723,10353,5062,17322,9,1,-,8,-,561,12588,4164,14483,7,1,1,5,0,869,10196,3411,15286,11,5,-,6,1,782,10929,3563,13458,16,3,-,13,-,876,9368,3198,11184,19,1,2,16,-,597,8495,2073
"특별법범",주요 특별법범,도로교통법(무면허운전),37314,6,4,-,2,-,726,32488,4094,43873,1,-,-,1,2,542,39722,3606,68217,2,2,-,-,-,584,60516,7115,48875,-,-,-,-,-,419,42285,6171,25675,10,1,1,8,0,518,23494,1653,24863,3,1,1,1,-,372,22949,1539,22666,2,1,1,-,-,314,21232,1118,19394,2,1,-,1,-,250,18312,830
"특별법범",주요 특별법범,도로교통법(사고후미조치),47456,5,-,-,5,-,1340,18107,28004,54077,5,2,-,3,-,1162,17141,35769,49799,1,-,-,1,-,918,12745,36135,27584,1,-,-,1,-,791,8994,17798,11901,2,0,0,2,0,765,6560,4574,9777,2,1,-,1,-,528,5154,4093,9520,6,-,-,6,-,549,5296,3669,7341,3,-,-,3,-,444,3955,2939
"특별법범",주요 특별법범,도로교통법(음주운전),220536,22,19,1,2,2,90302,128179,2031,212153,26,15,2,9,2,83200,126908,2017,203613,16,9,2,5,1,78067,123423,2106,180153,18,14,2,2,-,73881,104196,2058,142013,16,7,3,6,1,64982,74802,2212,108807,10,5,2,3,1,51100,55582,2114,97709,5,2,1,2,-,48366,46925,2413,91507,8,1,3,4,-,46908,42570,2021
"특별법범",주요 특별법범,도로교통법(음주측정거부),2414,1,-,1,-,-,989,1360,64,2564,-,-,-,-,-,1020,1467,77,2576,-,-,-,-,-,986,1520,70,2763,1,1,-,-,-,1111,1564,87,2913,0,0,0,0,0,1365,1448,100,2641,-,-,-,-,-,1252,1303,86,3050,1,1,-,-,-,1463,1475,111,3284,-,-,-,-,-,1703,1492,89
"특별법범",주요 특별법범,마약류관리에관한법률(대마),909,491,27,452,12,-,1,165,252,933,193,31,158,4,-,-,500,240,1056,91,7,80,4,-,1,746,218,1315,140,9,122,9,-,1,825,349,1189,566,17,520,29,0,1,267,355,1963,944,16,896,32,1,1,450,567,2340,1148,16,1088,44,-,-,624,568,2264,1070,13,1003,54,-,-,718,476
"특별법범",주요 특별법범,마약류관리에관한법률(마약),622,89,70,7,12,-,-,493,40,1047,13,8,-,5,-,-,956,78,1305,19,14,-,5,-,-,1157,129,1346,30,24,-,6,-,-,1234,82,1349,133,100,4,29,0,1,1111,104,1494,170,129,6,35,-,-,1238,86,2000,249,186,7,56,-,3,1634,114,1454,229,190,4,35,-,2,1098,125
"특별법범",주요 특별법범,마약류관리에관한법률(향정),5351,2809,363,30,2416,4,1,1061,1476,6896,953,241,6,706,-,1,4005,1937,7628,706,114,6,586,-,1,4890,2031,7700,832,135,14,683,-,-,4895,1973,6465,3291,190,29,3072,0,2,1675,1497,7789,4126,237,77,3812,1,4,2067,1591,8933,4122,255,60,3807,-,3,2935,1873,7550,3808,244,79,3485,-,2,2355,1385
"특별법범",주요 특별법범,성매매알선등행위의처벌에관한법률,21979,6,2,1,3,-,218,19415,2340,18344,3,-,2,1,-,62,16085,2194,41253,4,3,-,1,-,229,35458,5562,21306,2,-,-,2,-,83,18325,2896,15127,8,2,2,4,0,55,12863,2201,13081,9,2,3,4,-,70,11177,1825,8836,6,1,1,4,-,40,7367,1423,7047,1,1,-,-,-,18,6089,939
"특별법범",주요 특별법범,아동·청소년의성보호에관한법률(성매수등),760,5,1,-,4,-,2,681,72,728,-,-,-,-,-,3,617,108,989,-,-,-,-,-,3,832,154,1081,-,-,-,-,-,6,955,120,671,1,0,0,1,2,1,579,88,685,-,-,-,-,-,2,570,113,713,-,-,-,-,-,1,604,108,657,1,-,-,1,-,2,583,71
"특별법범",주요 특별법범,아동·청소년의성보호에관한법률(성착취물),-,-,-,-,-,-,-,-,-,-,-,-,-,-,-,-,-,-,-,-,-,-,-,-,-,-,-,-,-,-,-,-,-,-,-,-,-,-,-,-,-,-,-,-,-,-,-,-,-,-,-,-,-,-,3000,1,-,1,-,-,-,2635,364,1609,-,-,-,-,-,-,1327,282
"특별법범",주요 특별법범,아동·청소년의성보호에관한법률(음란물등),850,-,-,-,-,-,1,800,49,666,-,-,-,-,-,-,618,48,922,-,-,-,-,-,-,891,31,533,-,-,-,-,-,-,483,50,909,0,0,0,0,0,0,828,81,1012,-,-,-,-,-,-,922,90,-,-,-,-,-,-,-,-,-,-,-,-,-,-,-,-,-,-
"특별법범",주요 특별법범,특가법(도주차량),11016,3,1,-,2,1,1276,7747,1989,11525,1,-,1,-,-,1248,7634,2642,9028,1,-,-,1,-,822,5812,2393,5628,3,-,-,3,-,496,3615,1514,3429,1,0,1,0,0,343,2146,939,568,-,-,-,-,1,62,277,228,9902,5,-,1,4,-,864,5636,3397,8672,8,1,2,5,-,727,4849,3088
